,price
0,400000
1,811000
2,585000
3,462000
4,790000
6,345000
7,1200000
8,960000
9,585000
10,690000
11,682000
12,825000
13,595000
17,521000
18,1005000
19,775000
21,582000
22,1090000
23,457000
25,550000
26,570000
33,674000
35,1050000
40,1100000
41,594000
42,710000
43,692000
44,650000
49,610000
51,530000
54,715000
57,625000
60,550000
61,825000
62,220000
63,428000
64,695000
65,930000
67,1195000
69,442000
71,500000
73,650000
74,537000
77,468000
78,420000
79,420000
80,919999
81,533000
82,850000
83,751000
84,388000
85,490000
86,494000
87,525000
90,365000
91,420000
94,1050000
96,394000
97,725000
99,835000
100,695000
102,330000
103,990000
104,750000
105,755000
108,271000
109,1280000
110,436000
112,1250000
114,1250000
119,1625000
121,249000
122,630000
124,249000
129,500000
130,730000
132,399000
133,312000
136,719000
137,1260000
138,300000
140,627000
142,672000
145,440000
148,1033000
149,275000
150,676000
153,444000
154,509999
155,925000
156,1024000
157,500000
158,994999
160,834000
161,560000
162,454000
165,462000
168,843000
169,799000
170,576000
171,949000
172,795000
173,1085000
175,516000
176,777000
177,753000
179,725000
180,1150000
181,629000
182,447000
183,400000
184,786000
185,745000
186,490000
187,942000
188,675000
189,330000
190,875000
191,869000
192,425000
193,1070000
194,1025000
196,375000
197,375000
198,844000
199,764000
200,420000
201,684000
202,802999
204,803999
206,548000
207,619000
208,1000000
209,865000
211,535000
212,975000
213,699000
214,1150000
215,625000
217,600000
218,675000
219,893000
220,420000
221,941000
222,630000
224,525000
225,750000
226,632000
227,645000
230,850000
234,999000
235,825000
237,1295000
239,666000
241,1026000
243,681000
246,688000
247,1300000
248,265000
249,645000
252,620000
253,1470000
254,220000
256,415000
257,610000
258,560000
260,686000
261,517000
263,675000
265,499000
266,774000
269,1025000
270,1400000
271,285000
273,780000
274,475000
276,555000
277,607000
278,513999
279,250000
280,705000
281,653000
282,872000
283,564000
284,370000
285,550000
286,517000
287,620000
288,620000
289,750000
290,1220000
292,575000
294,868000
296,980000
297,900000
298,550000
299,450000
300,610000
301,543000
302,980000
303,535000
305,661000
306,505000
307,450000
308,865000
309,999000
312,400000
313,550000
316,520000
317,616000
318,795000
320,624000
321,549000
323,524000
325,583000
326,1147000
328,825000
330,755000
331,875000
332,855000
334,525000
335,650000
337,846000
338,424000
340,959000
341,889000
342,850000
343,836000
344,660000
345,334000
346,594000
347,991000
349,219000
353,825000
354,825000
355,919999
357,729000
358,432000
359,700000
360,1499000
361,762000
362,1625000
363,632000
364,1218000
365,524000
367,1390000
369,1275000
371,1125000
372,650000
373,700000
374,1100000
375,260000
377,681000
379,765000
380,487000
383,770000
384,818000
385,724000
386,468000
387,500000
388,600000
390,525000
391,175000
392,725000
393,550000
394,650000
395,775000
396,900000
398,642000
399,900000
400,521000
401,695000
403,429000
404,520000
405,625000
406,601000
408,645000
410,695000
411,500000
413,894999
414,350000
415,550000
417,581000
418,513000
419,650000
420,806000
421,725000
423,426000
425,351000
426,490000
428,509999
430,1025000
432,825000
433,675000
434,190000
436,823000
437,554000
438,499000
439,815000
440,719000
441,372000
442,515000
443,554000
444,700000
445,409999
446,685000
450,765000
452,491000
453,1175000
454,999000
455,715000
458,404000
459,358000
460,581000
461,630000
462,560000
464,525000
465,501000
466,617000
468,994999
469,775000
471,770000
472,725000
473,840000
474,799000
475,1380000
476,696000
477,576000
478,721000
479,994999
480,594000
484,1100000
485,905000
486,848000
489,400000
491,894999
492,1099000
494,445000
495,320000
496,775000
498,661000
500,682000
501,577000
502,500000
503,679000
505,776000
506,690000
507,380000
508,560000
511,799000
513,835000
514,750000
517,527000
519,625000
520,447000
521,552000
522,795000
523,459000
526,536000
529,894999
530,1375000
531,880000
533,475000
536,960000
537,532000
538,651000
540,715000
541,740000
543,455000
545,524000
547,525000
548,1600000
549,360000
553,850000
554,1260000
555,850000
556,493000
557,505000
558,825000
559,682000
560,486000
562,540000
563,530000
565,453000
566,1010000
569,625000
570,635000
571,550000
573,1025000
576,977000
578,667000
579,494000
580,636000
581,792000
582,695000
583,360000
585,827000
586,382000
587,650000
588,512000
589,463000
590,1500000
591,525000
592,459999
593,627000
594,511000
595,55000
596,600000
599,750000
602,985000
603,1044999
604,200000
605,710000
606,586000
607,1500000
608,584000
609,409000
611,738000
612,380000
613,656000
614,483000
615,509999
616,750000
617,185000
618,180000
622,300000
625,546000
626,533000
628,332000
629,809000
631,347000
633,1359000
634,543000
636,475000
638,350000
639,135000
648,674000
649,613000
650,1145000
651,595000
652,450000
653,599000
654,625000
659,320000
662,525000
663,888000
666,593000
667,250000
668,685000
669,699000
670,1200000
672,380000
673,574000
674,573000
675,70000
677,425000
679,600000
680,650000
681,430000
683,1075000
684,750000
685,615000
686,746000
687,370000
688,667000
689,634000
690,40000
691,579000
692,509999
693,634000
694,527000
695,900000
699,650000
702,400000
703,300000
705,982000
706,674000
707,810000
708,792000
709,513000
711,579000
712,550000
713,383000
714,605000
715,985000
716,935000
717,675000
719,1345000
722,734000
723,701000
724,535000
725,789000
726,548000
728,476999
730,515000
731,562000
732,345000
733,475000
734,670000
735,950000
736,700000
737,80000
741,550000
742,581000
743,582000
745,531000
746,558000
747,155000
748,508000
750,542000
751,501000
752,875000
755,300000
758,55000
759,630000
761,417000
762,631000
764,544000
765,704000
767,359000
768,520000
770,766000
771,350000
772,480000
774,190000
781,539000
782,1006000
784,796000
785,636000
787,615000
789,718000
790,436000
792,780000
794,1300000
795,300000
797,670000
798,900000
799,600000
801,605000
802,559000
803,268000
804,780000
805,864000
807,341000
809,513000
810,661000
811,800000
812,520000
813,600000
814,300000
816,1295000
817,630000
819,275000
820,575000
821,338000
822,604000
824,327000
825,621000
826,240000
827,621000
829,708000
830,443000
832,700000
834,1450000
835,520000
836,470000
837,600000
840,75000
841,649000
842,657000
843,420000
844,629000
845,322000
846,620000
847,434999
849,317000
850,574000
851,780000
852,800000
853,925000
854,775000
856,500000
857,350000
859,830000
860,1475000
862,674000
863,65000
864,547000
865,413000
867,709000
869,528000
870,691000
871,1145000
873,800000
874,550000
876,130000
877,375000
878,650000
881,609000
882,678000
883,375000
884,449000
885,552000
887,56000
888,426000
889,607000
890,56000
893,240000
894,680000
896,250000
897,720000
900,798000
901,858000
902,80000
903,608000
904,698000
906,751000
907,535000
908,1035000
909,328000
910,725000
911,740000
913,480000
916,210000
917,480000
918,380000
919,1280000
920,770000
921,599000
924,525000
925,950000
926,635000
927,400000
928,966000
929,781000
936,350000
938,700000
939,229999
940,875000
941,925000
942,700000
943,930000
944,898000
947,1485000
948,335000
949,825000
950,935000
954,1540000
955,1290000
957,1025000
958,600000
960,808000
963,1261000
964,850000
965,270000
967,844999
968,508000
974,800000
977,638000
978,315000
980,490000
981,1050000
982,430000
984,270000
985,517000
987,627000
988,509999
991,575000
993,925000
994,475000
999,513999
1000,347000
1002,1329000
1003,300000
1004,1358000
1005,1500000
1006,642000
1007,911000
1009,420000
1010,450000
1011,1565000
1012,450000
1013,459999
1016,229999
1017,1200000
1018,543000
1019,1035000
1020,1150000
1021,479000
1022,736000
1023,530000
1024,880000
1026,789000
1027,1030000
1028,600000
1029,250000
1030,390000
1032,919999
1034,650000
1035,240000
1039,582000
1040,150000
1041,618000
1042,916000
1043,300000
1046,950000
1047,608000
1051,225000
1052,249000
1056,375000
1057,550000
1058,590000
1059,511000
1060,260000
1061,381000
1063,575000
1064,428000
1066,696000
1067,740000
1069,300000
1070,500000
1071,229999
1072,75000
1076,275000
1079,677000
1080,900000
1081,591000
1084,697000
1085,630000
1087,463999
1088,750000
1089,1100000
1090,700000
1097,360000
1098,733000
1101,657000
1102,729000
1103,800000
1104,501000
1106,1005000
1107,1193000
1108,900000
1110,925000
1111,865000
1112,1585000
1116,195000
1117,799000
1118,689000
1119,1068000
1124,639000
1125,575000
1126,660000
1129,1075000
1130,975000
1131,300000
1132,290000
1133,260000
1134,360000
1136,250000
1138,1073000
1140,484999
1141,591000
1142,657000
1144,591000
1145,509999
1146,658000
1147,513999
1148,330000
1150,950000
1151,495000
1153,330000
1154,775000
1156,300000
1157,650000
1159,647000
1160,245000
1161,591000
1162,575000
1163,659000
1164,720000
1165,733000
1166,867000
1167,850000
1168,919999
1169,720000
1172,350000
1173,360000
1175,200000
1177,381000
1179,389000
1180,445000
1181,186000
1182,642000
1183,725000
1184,616000
1185,694000
1188,300000
1189,400000
1190,649000
1191,360000
1192,360000
1194,800000
1195,350000
1196,415000
1197,384000
1199,782000
1200,463000
1201,660000
1202,663000
1203,900000
1204,316000
1205,436000
1207,1350000
1209,520000
1211,175000
1214,1595000
1215,593000
1217,560000
1218,1264000
1220,789000
1221,459000
1223,375000
1227,825000
1232,656000
1233,612000
1235,436000
1236,721000
1238,620000
1240,643000
1241,822000
1242,838000
1243,625000
1244,1125000
1246,345000
1247,999000
1248,675000
1249,875000
1250,484999
1251,775000
1252,655000
1253,525000
1254,442000
1255,476000
1256,865000
1257,338000
1258,1299000
1259,492000
1260,544000
1262,1085000
1263,1488000
1264,939000
1265,888000
1266,425000
1267,818000
1269,695000
1270,475000
1271,551000
1273,600000
1274,479000
1275,559000
1277,409000
1278,539000
1279,737000
1280,526000
1283,585000
1287,590000
1289,1545000
1291,540000
1292,491000
1295,616000
1296,675000
1297,533000
1299,626000
1300,632000
1302,1000000
1304,1085000
1306,1365000
1311,483000
1312,1007000
1313,994999
1314,573000
1315,658000
1316,1245000
1317,906000
1318,1195000
1319,1031000
1320,413000
1321,624000
1322,465000
1323,1050000
1324,725000
1326,650000
1328,865000
1331,475000
1332,747000
1333,1590000
1334,520000
1335,530000
1336,595000
1337,312000
1338,919999
1340,415000
1341,850000
1343,1145000
1345,645000
1346,1440000
1347,1145000
1348,1225000
1351,888000
1352,507000
1353,1019999
1355,471000
1356,821000
1357,509999
1358,599000
1360,1002000
1361,975000
1362,795000
1363,550000
1364,1298000
1365,1085000
1367,1109000
1368,350000
1369,894999
1371,466000
1372,924000
1375,555000
1376,899000
1378,810000
1379,774000
1380,530000
1381,944999
1382,880000
1383,525000
1384,1605000
1385,1170000
1386,650000
1387,875000
1388,500000
1391,395000
1393,1300000
1394,490000
1395,520000
1397,616000
1398,825000
1399,838000
1400,618000
1401,875000
1402,390000
1404,500000
1407,795000
1408,775000
1409,745000
1410,1125000
1412,582000
1413,615000
1414,560000
1415,710000
1416,535000
1417,446000
1418,1018000
1419,840000
1420,654000
1421,1125000
1422,585000
1423,1250000
1424,475000
1425,310000
1427,1085000
1428,475000
1430,1084000
1431,445000
1433,601000
1434,594000
1435,960000
1437,729000
1439,961999
1440,450000
1441,849000
1442,535000
1444,685000
1446,730000
1449,1075000
1450,849000
1451,749000
1452,872000
1455,348000
1458,500000
1459,417000
1460,399000
1461,541000
1462,568000
1463,730000
1464,446000
1465,638000
1467,694000
1469,493000
1470,637000
1473,645000
1474,585000
1475,835000
1477,330000
1478,425000
1479,750000
1480,675000
1483,750000
1484,398000
1485,550000
1487,453000
1488,285000
1490,821000
1491,865000
1492,792000
1494,610000
1495,511000
1496,710000
1498,570000
1500,375000
1501,275000
1502,429000
1503,675000
1504,793000
1506,1425000
1507,1036000
1508,800000
1510,1088000
1511,590000
1512,568000
1513,400000
1515,422000
1516,450000
1517,650000
1518,575000
1520,150000
1521,702000
1522,448000
1523,650000
1524,801000
1525,772000
1526,500000
1527,1103000
1528,1490000
1530,835000
1532,350000
1534,925000
1535,850000
1536,850000
1541,707000
1542,680000
1545,401000
1547,505000
1548,1599000
1549,830000
1550,1036000
1551,1595000
1552,100000
1553,825000
1555,550000
1556,299000
1557,750000
1558,550000
1559,375000
1560,265000
1561,808000
1562,542000
1563,529000
1564,684000
1565,813000
1566,650000
1568,745000
1569,619000
1570,650000
1571,500000
1572,1145000
1574,540000
1575,675000
1576,509999
1577,830000
1579,509999
1580,1200000
1581,766000
1582,449000
1583,750000
1584,317000
1587,522000
1588,500000
1589,627000
1590,687000
1592,525000
1593,620000
1595,530000
1599,650000
1600,570000
1601,458000
1602,577000
1603,900000
1604,649000
1605,549000
1606,650000
1607,513999
1609,455999
1610,501999
1611,685000
1613,580000
1614,530000
1618,420000
1619,775000
1621,533000
1622,547000
1623,395000
1624,908000
1625,521000
1627,507000
1629,528000
1631,1490000
1633,625000
1634,690000
1635,1350000
1636,1550000
1637,790000
1639,365000
1640,425000
1641,528000
1642,511000
1643,625000
1644,327000
1645,505000
1646,640000
1647,449000
1648,725000
1649,495000
1650,271000
1651,940000
1652,799000
1657,585000
1662,451000
1664,631000
1665,411000
1666,500000
1667,488000
1668,459999
1669,513999
1670,508000
1671,865000
1672,855000
1674,925000
1675,509999
1678,630000
1680,725000
1681,466000
1684,503000
1685,309000
1686,640000
1687,841000
1689,288000
1690,940000
1691,844999
1695,425000
1697,750000
1699,310000
1701,437000
1702,1026000
1703,560000
1704,532000
1706,770000
1708,650000
1709,633000
1710,982000
1712,900000
1713,370000
1714,620000
1715,480000
1716,430000
1717,500000
1719,790000
1721,776000
1722,702000
1724,383000
1725,411000
1726,615000
1727,515000
1729,507000
1730,322000
1731,575000
1732,850000
1735,425000
1736,650000
1738,450000
1739,720000
1740,425000
1741,235000
1742,437000
1743,409999
1744,731000
1745,501999
1750,529000
1753,975000
1756,595000
1757,767000
1758,825000
1760,335000
1761,558000
1762,649000
1764,1110000
1765,672000
1766,675000
1767,795000
1769,587000
1770,807000
1771,260000
1774,650000
1776,350000
1777,875000
1781,302000
1782,1060000
1784,722000
1785,463000
1787,627000
1788,575000
1789,658000
1790,476999
1791,500000
1792,650000
1793,455000
1794,475000
1796,975000
1797,750000
1798,484999
1799,459999
1800,1265000
1801,567000
1802,619000
1803,630000
1804,835000
1806,635000
1807,635000
1808,300000
1809,657000
1810,390000
1811,620000
1812,465000
1813,590000
1817,490000
1818,620000
1821,594000
1822,536000
1823,365000
1824,544000
1825,566000
1826,420000
1827,748000
1828,880000
1829,616000
1835,725000
1836,275000
1838,635000
1841,509999
1842,817000
1843,850000
1844,539000
1845,538000
1847,666000
1848,210000
1850,505000
1851,300000
1854,810000
1856,725000
1858,1050000
1859,1000000
1860,850000
1861,508000
1862,851000
1863,625000
1864,560000
1865,335000
1866,445000
1867,830000
1869,630000
1870,527000
1871,1320000
1872,860000
1873,766000
1874,610000
1875,475000
1876,390000
1877,680000
1879,855000
1880,1200000
1882,614000
1883,340000
1884,558000
1885,650000
1886,950000
1887,710000
1889,684000
1890,309000
1891,500000
1893,650000
1894,360000
1896,450000
1897,660000
1898,950000
1899,500000
1902,549000
1903,210000
1904,704000
1905,729000
1906,700000
1907,619000
1908,725000
1909,621000
1910,685000
1911,950000
1914,409999
1915,570000
1917,600000
1918,225999
1921,365000
1922,707000
1923,800000
1924,520000
1925,602000
1926,1050000
1927,546000
1929,1188000
1930,621000
1931,515000
1932,600000
1933,775000
1934,645000
1935,650000
1936,700000
1937,437000
1938,459999
1939,250000
1940,520000
1941,566000
1942,403000
1944,517000
1945,449000
1947,643000
1949,889000
1950,621000
1952,630000
1953,530000
1954,678000
1956,524000
1958,675000
1959,470000
1960,530000
1961,463000
1962,727000
1963,515000
1964,547000
1965,307000
1967,529000
1969,624000
1971,850000
1972,745000
1977,495000
1978,800000
1979,825000
1981,774000
1982,525000
1983,600000
1984,582000
1985,551000
1986,525000
1987,583000
1988,825000
1989,670000
1990,396000
1991,49000
1992,590000
1993,400000
1994,700000
1997,595000
1998,459999
2000,434999
2001,666000
2002,380000
2003,700000
2004,692000
2005,590000
2006,125000
2007,520000
2008,695000
2009,607000
2010,688000
2012,250000
2013,1245000
2014,575000
2015,844999
2016,405000
2017,300000
2018,925000
2019,750000
2022,927999
2023,950000
2024,702000
2027,513000
2028,570000
2029,851000
2032,370000
2034,459999
2035,459999
2036,365000
2038,790000
2039,450000
2041,665000
2042,1036000
2044,539000
2045,847000
2046,755000
2047,496000
2049,1009000
2050,339000
2058,825000
2063,1645000
2064,719000
2065,633000
2066,799000
2067,861000
2068,610000
2069,749000
2070,648000
2071,250000
2072,265000
2073,490000
2074,1590000
2075,113999
2076,475000
2077,973000
2078,630000
2081,827000
2082,715000
2084,569000
2085,490000
2087,451999
2089,622000
2090,554000
2092,967000
2093,475000
2095,695000
2096,350000
2100,285000
2101,616000
2102,594000
2104,647000
2105,1400000
2106,600000
2107,505000
2108,900000
2109,730000
2110,648000
2111,434999
2112,900000
2113,740000
2114,320000
2115,295000
2117,530000
2118,315000
2120,570000
2121,576000
2122,842000
2123,675000
2124,518000
2125,397000
2126,775000
2129,732000
2130,577000
2132,509999
2135,625000
2137,395000
2138,320000
2139,450000
2141,400000
2142,484999
2143,985000
2144,681000
2145,621000
2147,505000
2149,708000
2151,650000
2152,760000
2153,785000
2154,745000
2156,270000
2157,450000
2158,420000
2160,550000
2161,421000
2162,303000
2163,780000
2164,643000
2165,474000
2167,644000
2168,1200000
2170,811000
2171,725000
2172,725000
2173,750000
2174,950000
2175,925000
2176,525000
2179,550000
2180,500000
2181,1209000
2182,656000
2184,430999
2185,894999
2187,392000
2188,470000
2189,726000
2190,1023000
2191,500000
2201,902999
2202,488000
2203,660000
2204,604000
2205,417000
2206,405000
2209,615000
2210,396000
2211,650000
2213,210000
2216,350000
2218,515000
2221,492000
2222,731000
2224,523000
2227,500000
2228,1350000
2229,472000
2230,564000
2231,409999
2232,470000
2233,630000
2234,375000
2235,520000
2237,1597000
2238,800000
2239,575000
2242,562000
2243,690000
2244,573000
2245,558000
2246,580000
2247,684000
2249,762000
2250,663000
2251,869999
2253,750000
2255,950000
2256,1025000
2257,245000
2258,395000
2259,1080000
2261,608000
2262,698000
2264,501999
2265,1027000
2266,900000
2267,769000
2268,595000
2270,585000
2271,450000
2274,1100000
2275,350000
2276,730000
2280,509999
2281,860000
2282,484999
2284,636000
2285,571000
2286,825000
2287,393000
2288,1100000
2289,420000
2290,704000
2291,950000
2293,770000
2295,120000
2296,750000
2299,409999
2300,1050000
2301,622000
2302,730000
2303,950000
2305,621000
2306,1125000
2307,1639000
2308,1215000
2309,635000
2310,1466000
2311,500000
2312,425000
2313,500000
2314,550000
2318,770000
2319,390000
2320,210000
2321,1105000
2322,725000
2323,580000
2324,659000
2325,356000
2326,480000
2327,689000
2328,625000
2329,802999
2330,516000
2331,950000
2333,375000
2336,900000
2338,710000
2339,630000
2340,155000
2341,799000
2342,630000
2343,415000
2344,417000
2345,334000
2346,590000
2347,1028999
2349,711000
2350,950000
2352,140000
2353,760000
2355,300000
2356,1080000
2357,650000
2358,680000
2360,515000
2361,520000
2362,344000
2364,923000
2365,662000
2367,637000
2368,800000
2369,454000
2371,760000
2373,545000
2374,400000
2375,254999
2376,250000
2377,750000
2378,700000
2379,365000
2380,750000
2381,254000
2382,925000
2383,750000
2384,326000
2385,432000
2386,950000
2387,479000
2388,229999
2389,301000
2390,443000
2391,440000
2392,660000
2394,1090000
2395,1225000
2396,620000
2398,580000
2399,310000
2400,1450000
2401,525000
2402,409999
2403,865000
2404,581000
2405,518000
2406,790000
2407,547000
2408,300000
2409,407000
2410,692000
2411,455000
2413,680000
2414,985000
2415,340000
2417,365000
2419,183000
2420,660000
2421,403000
2422,563000
2425,681000
2426,590000
2427,632000
2428,890000
2429,726000
2430,551000
2431,850000
2433,765000
2435,390000
2436,480000
2437,455000
2439,520000
2441,782000
2442,611000
2444,515000
2445,679000
2446,409999
2448,944999
2449,885000
2450,574000
2451,710000
2452,620000
2453,225000
2454,500000
2455,1150000
2456,285000
2458,550000
2459,200000
2460,1300000
2461,678000
2462,310000
2464,430999
2465,728000
2467,861000
2468,780000
2471,800000
2473,420000
2474,290000
2476,100000
2477,650000
2478,500000
2479,790000
2480,900000
2481,568000
2482,461000
2485,739000
2486,340000
2487,366000
2489,368000
2490,346000
2491,450000
2492,450000
2493,590000
2494,185000
2496,200000
2497,300000
2498,150000
2500,180000
2501,843000
2502,300000
2503,560000
2504,744000
2505,419000
2507,1369000
2508,90000
2509,380000
2510,661000
2512,320000
2513,200000
2515,325000
2516,200000
2517,1025000
2519,1300000
2520,231999
2521,1639000
2522,536000
2523,229999
2524,357000
2525,786000
2526,409999
2527,607000
2528,1150000
2529,684000
2530,451000
2531,985000
2532,800000
2533,450000
2534,785000
2535,415000
2538,170000
2539,1000000
2540,570000
2541,638000
2542,674000
2543,200000
2545,518000
2546,175000
2547,840000
2548,295000
2549,740000
2550,520000
2552,200000
2553,395000
2554,350000
2555,550000
2556,400000
2557,640000
2558,135000
2559,170000
2560,195000
2561,312000
2563,310000
2564,590000
2565,758000
2566,480000
2567,794000
2569,1069000
2570,327000
2572,425000
2573,434999
2575,800000
2576,750000
2577,495000
2578,475000
2579,700000
2581,785000
2582,795000
2583,415000
2584,660000
2585,543000
2586,650000
2588,270000
2589,557000
2590,441000
2591,340000
2592,1000000
2593,295000
2595,149000
2596,475000
2597,135000
2598,430000
2599,375000
2600,145000
2601,398000
2602,1076000
2603,430000
2604,400000
2605,287000
2606,495000
2607,298000
2609,430999
2610,577000
2611,600000
2612,225000
2613,675000
2616,100000
2617,70000
2618,750000
2619,150000
2620,195000
2621,364000
2622,729000
2623,840000
2624,680000
2625,413999
2626,380000
2627,428000
2628,465000
2629,1034000
2630,772000
2632,450000
2633,210000
2634,409999
2635,325000
2636,450000
2637,280000
2639,520000
2640,560000
2641,702000
2642,656000
2643,525000
2645,512000
2646,250000
2647,700000
2648,535000
2649,641000
2650,339000
2653,310000
2654,725000
2655,114999
2657,440000
2661,433000
2662,1044999
2664,411000
2665,518000
2667,647000
2669,645000
2670,252999
2673,600000
2674,405000
2676,585000
2680,310000
2681,916000
2682,800000
2683,475000
2684,699000
2685,714000
2686,750000
2687,626000
2688,465000
2689,1268000
2692,375000
2695,660000
2697,790000
2698,690000
2700,570000
2701,827000
2702,345000
2703,650000
2705,815000
2707,1150000
2708,210000
2709,391000
2710,1529000
2714,860000
2715,1145000
2716,790000
2717,1650000
2718,475000
2721,828999
2722,648000
2723,375000
2724,964000
2725,288000
2726,340000
2727,906000
2729,686000
2730,335000
2735,900000
2736,900000
2737,890000
2739,265000
2740,1200000
2741,574000
2742,711000
2743,960000
2745,593000
2747,844999
2748,300000
2749,735000
2752,459999
2753,360000
2755,360000
2756,700000
2759,484999
2761,513000
2762,520000
2764,305000
2766,540000
2767,362000
2768,459999
2769,451000
2770,442000
2772,430000
2780,365000
2781,287000
2782,437000
2783,310000
2785,1202000
2786,975000
2788,665000
2790,766000
2791,380000
2792,520000
2793,260000
2797,450000
2799,840000
2800,710000
2801,459000
2802,769000
2803,900000
2804,1277000
2805,969000
2807,942000
2808,690000
2809,1256000
2812,950000
2815,890000
2816,660000
2818,380000
2819,675000
2821,971000
2822,352000
2824,866000
2825,508000
2827,796000
2829,434000
2830,782000
2834,1090000
2835,350000
2840,1621000
2841,471000
2843,396000
2845,1490000
2846,393000
2849,555000
2851,990000
2853,850000
2857,1050000
2858,972000
2859,725000
2860,316000
2861,860000
2862,890000
2863,250999
2864,433000
2866,715000
2868,855000
2869,365000
2878,1050000
2879,295000
2880,461000
2881,719000
2882,550000
2884,1035000
2885,875000
2886,445000
2887,1190000
2888,540000
2889,584000
2891,430000
2894,120000
2895,620000
2896,890000
2897,801000
2901,762000
2903,523000
2904,765000
2905,894999
2906,708000
2907,400000
2909,663000
2910,390000
2911,784000
2921,839000
2922,120000
2923,750000
2924,1284000
2925,850000
2926,869999
2927,634000
2929,1250000
2930,1325000
2932,421000
2934,1000000
2935,600000
2936,495000
2938,627000
2939,340000
2940,190000
2941,300000
2942,575000
2943,743000
2944,645000
2946,359000
2947,120000
2948,1121000
2949,1375000
2950,525000
2951,375000
2954,894999
2955,409999
2957,525000
2958,625000
2960,340000
2962,1295000
2963,699000
2964,399000
2965,387000
2969,425000
2971,250000
2972,350000
2974,459999
2975,458000
2977,580000
2979,517000
2980,750000
2981,213000
2983,1100000
2984,611000
2985,745000
2987,415000
2989,550000
2990,540000
2991,540000
2992,575000
2994,286000
2998,356000
3001,114999
3003,1190000
3004,295000
3005,1000000
3006,213000
3007,135000
3008,595000
3009,300000
3010,425000
3011,330000
3012,478000
3015,680000
3016,135000
3017,385000
3018,240000
3021,240000
3023,505000
3024,749000
3025,140000
3028,325000
3029,430999
3030,780000
3031,170000
3032,530000
3033,949000
3034,479000
3035,562000
3036,600000
3037,735000
3038,420000
3039,549000
3040,322000
3041,180000
3042,472000
3043,715000
3044,220000
3045,900000
3047,499000
3049,445000
3051,501000
3052,400000
3053,440000
3054,631000
3055,545000
3056,549000
3059,546000
3062,1090000
3063,575000
3065,800000
3067,819999
3069,625000
3070,800000
3071,599000
3073,725000
3074,216000
3075,525000
3077,480000
3081,335000
3083,1150000
3084,985000
3086,567000
3088,880000
3089,738000
3091,469000
3092,935000
3093,1290000
3094,765000
3095,765000
3096,524000
3097,380000
3098,621000
3100,229999
3101,549000
3102,475000
3103,775000
3104,649000
3108,295000
3109,484999
3110,195000
3113,825000
3114,1650000
3116,1016000
3118,736000
3120,766000
3121,859000
3124,704000
3126,1443000
3127,765000
3129,675000
3134,850000
3136,621000
3138,727000
3141,622000
3144,625000
3145,725000
3146,532000
3149,710000
3152,690000
3154,350000
3155,1145000
3156,518000
3157,261000
3158,866000
3161,944000
3164,518000
3166,574000
3168,449000
3176,719000
3178,507000
3181,665000
3182,1500000
3184,1052000
3186,930000
3187,850000
3190,625000
3195,735000
3196,726000
3198,688000
3200,365000
3201,627000
3203,335000
3204,528000
3206,511000
3210,849000
3212,500000
3213,525000
3214,775000
3216,486000
3217,450000
3218,989000
3221,526000
3224,434000
3225,300000
3226,1103000
3227,645000
3230,1100000
3232,130000
3233,300000
3234,85000
3236,422000
3237,1500000
3238,495000
3239,815000
3240,215000
3241,501999
3244,565000
3246,524000
3248,450000
3249,315000
3250,450000
3253,750000
3254,635000
3256,450000
3257,260000
3258,346000
3260,1475000
3262,300000
3264,740000
3265,450000
3266,403000
3271,660000
3273,1100000
3274,220000
3278,686000
3281,798000
3282,275000
3284,250000
3286,787000
3288,484999
3292,425000
3293,700000
3296,711000
3301,140000
3302,715000
3304,836999
3306,894000
3309,650000
3311,595000
3312,499000
3313,150000
3316,459000
3320,1550000
3324,183000
3325,571000
3326,806000
3328,525000
3329,250000
3330,120000
3333,265000
3336,519000
3338,558000
3340,1025000
3341,698000
3342,275000
3344,524000
3345,675000
3346,546000
3348,775000
3349,245000
3353,95000
3355,595000
3356,592000
3360,890000
3363,1095000
3364,475000
3365,800000
3366,738000
3369,775000
3372,575000
3373,675000
3374,1650000
3376,568000
3378,548000
3381,503000
3384,379000
3386,197000
3389,1650000
3392,885000
3394,600000
3395,965000
3398,528000
3401,555000
3404,622000
3406,733000
3407,1075000
3411,699000
3413,250000
3414,240000
3416,578000
3417,265000
3419,549000
3420,450000
3421,536000
3422,235000
3425,295000
3426,1296000
3428,295000
3429,425000
3430,350000
3432,275000
3433,415000
3434,465000
3436,545000
3437,509999
3438,1403000
3439,749000
3440,434999
3442,204999
3445,275000
3446,229000
3447,1250000
3450,349000
3453,699000
3455,565000
3456,722000
3458,803999
3461,742000
3462,910000
3464,315000
3466,557000
3468,231000
3469,369000
3473,700000
3474,1300000
3476,805000
3477,735000
3478,441000
3481,397000
3482,455000
3484,713000
3485,737000
3486,540000
3489,627000
3490,1565000
3492,772000
3493,587000
3495,699000
3496,642000
3498,366000
3500,447000
3502,265000
3504,761000
3505,430000
3508,380000
3513,950000
3517,1205000
3518,743000
3521,878999
3524,462000
3526,509000
3527,530000
3529,310000
3530,700000
3531,440000
3532,400000
3536,360000
3537,360000
3538,344000
3540,600000
3541,340000
3542,675000
3545,375000
3546,801000
3548,800000
3550,509999
3552,455000
3553,300000
3554,725000
3556,515000
3558,418000
3560,200000
3561,685000
3564,610000
3565,1400000
3566,323000
3568,525000
3569,725000
3570,425000
3571,350000
3572,325000
3573,675000
3574,415000
3576,589000
3577,650000
3578,1027000
3581,902999
3584,903999
3585,950000
3586,949000
3589,1099000
3595,422000
3596,678000
3597,300000
3599,463000
3600,455000
3601,751000
3602,775000
3603,678000
3604,550000
3605,390000
3606,395000
3607,295000
3608,599000
3611,449000
3613,449000
3614,295000
3615,649000
3616,274000
3618,801000
3619,591000
3620,434000
3621,699000
3623,555000
3624,825000
3625,599000
3626,480999
3627,385000
3628,699000
3629,331000
3630,178000
3631,925000
3632,290000
3633,570000
3635,530000
3636,465000
3638,515000
3640,620000
3641,349000
3642,1385000
3643,290000
3644,285000
3645,330000
3648,650000
3649,449000
3650,599000
3652,499000
3654,1358000
3655,560000
3656,275000
3657,586000
3658,463000
3659,699000
3660,593000
3662,567000
3664,1650000
3666,749000
3667,249000
3669,225000
3670,399000
3672,225000
3674,389000
3675,548000
3677,874000
3678,596000
3679,179000
3680,501000
3682,495000
3685,725000
3686,1030000
3687,650000
3688,450000
3689,689000
3690,1250000
3692,1200000
3694,451999
3695,404000
3697,473000
3698,252000
3699,950000
3700,633000
3701,875000
3702,413000
3703,1100000
3709,713000
3710,515000
3711,600000
3713,690000
3714,513000
3715,850000
3716,835000
3717,438999
3718,720000
3719,942000
3720,538000
3721,100000
3722,491000
3723,925000
3724,1060000
3726,670000
3727,500000
3732,240000
3733,459999
3734,411000
3735,480999
3736,670000
3737,724000
3738,546000
3739,799000
3740,278000
3741,1575000
3742,261000
3744,399000
3745,220000
3746,330000
3747,434999
3750,450000
3752,380000
3753,95000
3754,675000
3755,527000
3757,380000
3758,689000
3760,474000
3762,577000
3764,894999
3765,250000
3767,900000
3768,650000
3769,1175000
3770,186000
3771,250000
3772,425000
3773,425000
3774,523000
3775,240000
3777,1285000
3779,1465000
3780,491000
3781,550000
3783,775000
3785,775000
3788,200000
3789,200000
3790,509999
3792,1100000
3793,445000
3794,547000
3795,626000
3797,445000
3798,458000
3802,713000
3805,390000
3806,575000
3808,350000
3810,825000
3812,950000
3813,500000
3814,608000
3815,423000
3816,800000
3817,922000
3818,433000
3819,525000
3820,526000
3822,459000
3824,865000
3825,550000
3826,1125000
3828,261000
3829,950000
3830,484999
3834,284000
3835,520000
3836,590000
3837,655000
3838,699000
3839,395000
3840,217000
3842,886999
3843,480000
3844,425000
3845,495000
3846,550000
3847,137000
3848,565000
3849,1290000
3850,355000
3851,386000
3852,513999
3853,325000
3854,508000
3855,567000
3856,670000
3857,760000
3859,398000
3860,484999
3861,135000
3862,300000
3863,525000
3864,375000
3865,130000
3866,595000
3868,531000
3872,861999
3873,880000
3875,627000
3877,428000
3878,175000
3879,413999
3880,509999
3881,550000
3884,450000
3885,110000
3886,200000
3888,350000
3889,409999
3890,500000
3891,543000
3892,513999
3894,747000
3895,593000
3897,539000
3898,335000
3899,594000
3900,910000
3903,760000
3904,490000
3905,521000
3906,1400000
3907,900000
3910,765000
3911,555000
3912,476999
3913,341000
3914,476000
3915,611000
3916,790000
3917,513000
3918,825000
3919,584000
3920,665000
3923,475000
3924,330000
3925,635000
3927,420000
3928,459999
3930,720000
3931,846000
3933,471000
3934,446000
3935,365000
3936,354000
3937,1650000
3938,877999
3940,525000
3941,830000
3942,200000
3943,1345000
3944,1345000
3950,746000
3951,639000
3953,736000
3954,749000
3956,693000
3957,275000
3958,475000
3960,150000
3961,665000
3964,850000
3967,550000
3968,285000
3969,300000
3971,525000
3972,375000
3973,1011999
3977,525000
3978,425000
3979,525000
3980,375000
3982,409999
3983,434999
3984,645000
3985,775000
3986,375000
3987,650000
3988,204999
3990,529000
3991,300000
3994,499000
3996,206999
3997,390000
3998,603000
4005,1250000
4007,250000
4008,935000
4009,551000
4010,505999
4012,422000
4013,631000
4014,590000
4015,499000
4016,785000
4017,325000
4019,925000
4020,645000
4021,760000
4023,1245000
4024,500000
4026,114999
4027,600000
4029,852999
4030,861000
4031,275000
4032,418000
4033,190000
4035,519000
4038,700000
4039,600000
4040,675000
4041,550000
4046,530000
4048,1070000
4049,173000
4050,707000
4051,819999
4052,827999
4053,1255000
4054,690000
4055,616000
4057,800000
4059,315000
4060,315000
4061,650000
4064,825000
4065,484999
4066,350000
4067,795000
4069,470000
4070,625000
4072,794000
4077,607000
4080,740000
4081,114999
4082,167000
4083,1475000
4086,835000
4087,1095000
4089,309000
4090,204999
4095,1541000
4104,440000
4106,800000
4107,921000
4108,310000
4110,390000
4113,208000
4114,320000
4115,210000
4116,675000
4120,440000
4121,385000
4122,720000
4123,540000
4124,825000
4125,720000
4127,200000
4128,1160000
4129,723000
4130,806000
4131,700000
4132,507000
4133,499000
4134,1300000
4135,639000
4136,130000
4138,790000
4139,376000
4141,310000
4144,1065000
4145,570000
4146,150000
4147,690000
4148,550000
4149,419000
4150,505999
4152,528000
4153,608000
4155,300000
4157,178000
4158,1325000
4161,944999
4162,700000
4163,399000
4164,556000
4167,333000
4168,1400000
4169,324000
4170,359000
4173,532000
4175,227999
4176,295000
4178,350000
4179,1000000
4180,360000
4182,580000
4183,650000
4185,415000
4186,95000
4187,1250000
4189,661000
4190,398000
4192,700000
4193,457000
4194,1000000
4195,295000
4198,925000
4199,1100000
4200,110000
4201,380000
4203,434999
4204,925000
4208,740000
4210,509000
4212,305000
4213,349000
4215,901000
4217,651000
4219,300000
4220,530000
4222,735000
4223,701000
4224,550000
4226,120000
4227,490000
4228,204999
4231,615000
4232,433000
4233,607000
4234,310000
4235,564000
4237,524000
4239,345000
4240,690000
4241,730000
4242,540000
4243,210000
4244,935000
4245,380000
4247,200000
4249,791000
4250,779000
4252,482000
4254,310000
4255,892000
4256,530000
4257,549000
4258,235000
4259,595000
4261,586000
4263,385000
4265,295000
4269,488999
4270,326000
4272,547000
4273,614000
4275,445000
4277,285000
4283,695000
4284,725000
4287,500000
4290,496000
4291,509999
4292,554000
4294,484999
4295,1425000
4296,377000
4299,425000
4300,415000
4301,1580000
4302,165000
4305,560000
4306,634000
4307,525000
4308,660000
4310,1114000
4311,100000
4316,278000
4319,690000
4320,550000
4321,819999
4322,210000
4324,720000
4325,340000
4327,380000
4328,653000
4329,426000
4330,465000
4331,245000
4333,432000
4334,844999
4335,580000
4338,625000
4339,1050000
4340,740000
4341,1049000
4342,570000
4343,275000
4345,1365000
4346,429000
4348,544000
4351,449000
4353,503000
4354,125000
4355,350000
4358,125000
4359,100000
4361,1200000
4363,425000
4364,350000
4365,221000
4366,827999
4367,600000
4369,517000
4370,325000
4373,405999
4374,1090000
4375,890000
4380,900000
4381,950000
4382,418000
4383,1195000
4385,1044000
4386,260000
4388,671000
4390,1178000
4391,488999
4392,1541000
4393,465000
4394,728000
4395,530000
4396,466000
4397,457000
4398,350000
4401,375000
4402,600000
4405,740000
4406,766000
4407,440000
4408,519000
4411,1108000
4413,605000
4415,950000
4416,639000
4417,712000
4420,670000
4422,875000
4424,675000
4425,533000
4426,487000
4429,926000
4430,850000
4431,725000
4432,501000
4433,577000
4435,521000
4436,650000
4437,670000
4438,775000
4439,980000
4440,830000
4441,750000
4442,450000
4443,600000
4445,736000
4446,480000
4447,967000
4449,600000
4450,610000
4452,337000
4453,527000
4455,549000
4456,270000
4457,285000
4458,975000
4459,725000
4464,621000
4465,633000
4467,515000
4468,679000
4470,609000
4471,1000000
4472,590000
4473,570000
4475,679000
4477,640000
4478,475000
4479,430000
4483,675000
4484,430000
4485,420000
4486,580000
4487,334000
4488,401999
4489,240000
4490,734000
4491,795000
4492,570000
4493,551000
4495,463000
4496,625000
4504,447000
4505,578000
4506,600000
4507,524000
4508,401999
4510,552000
4511,265000
4512,443000
4513,721000
4514,1550000
4515,1092000
4516,890000
4517,550000
4518,609000
4520,1100000
4522,1199000
4524,1013000
4525,1008000
4527,1124000
4528,609000
4532,522000
4533,623000
4536,400000
4538,1080000
4539,520000
4540,680000
4542,1199000
4544,633000
4545,562000
4546,475000
4547,601000
4550,300000
4551,720000
4552,541000
4553,513999
4555,780000
4556,400000
4557,994999
4558,940000
4560,580000
4562,375000
4564,314000
4565,556000
4567,787000
4568,595000
4569,400000
4570,771000
4571,790000
4572,655000
4573,336000
4575,832000
4581,595000
4582,625000
4583,599000
4584,615000
4585,513999
4587,458000
4588,700000
4589,515000
4590,822000
4592,579000
4593,318000
4595,643000
4596,750000
4597,825000
4600,1090000
4602,625000
4603,185000
4606,800000
4607,311000
4608,570000
4609,300000
4611,509999
4613,644000
4615,528000
4618,740000
4619,409999
4620,599000
4621,1125000
4622,1299000
4623,1050000
4624,416000
4625,642000
4626,849000
4627,434000
4628,276000
4629,710000
4630,580000
4631,575000
4632,498000
4633,533000
4634,699000
4635,520000
4636,720000
4639,749000
4642,700000
4643,645000
4644,391000
4645,509000
4647,516000
4650,434000
4652,432000
4653,688000
4654,350000
4655,496000
4656,630000
4657,685000
4660,550000
4661,520000
4663,1000000
4664,496000
4665,788000
4666,994999
4667,416000
4669,450000
4670,523000
4671,340000
4672,520000
4673,628000
4674,525000
4675,513999
4679,900000
4680,750000
4681,300000
4683,675000
4684,616000
4686,814000
4687,750000
4688,450000
4689,498000
4690,650000
4691,527000
4693,350000
4694,541000
4695,340000
4697,1125000
4698,1000000
4699,450000
4700,445000
4701,1195000
4702,440000
4703,503000
4704,702000
4706,690000
4707,520000
4708,699000
4709,436000
4710,250000
4711,501999
4712,509999
4713,660000
4714,599000
4715,250000
4719,310000
4720,675000
4726,581000
4727,909000
4729,543000
4730,1100000
4731,743000
4732,997000
4734,811000
4735,250000
4737,975000
4741,420000
4742,600000
4743,996000
4744,311000
4746,572000
4747,307000
4748,454000
4749,775000
4750,850000
4751,907000
4752,509000
4754,940000
4755,227000
4757,650000
4759,595000
4760,1100000
4761,770000
4762,695000
4763,496000
4764,1261000
4766,927999
4767,803999
4768,1100000
4769,1275000
4770,950000
4772,550000
4773,475000
4774,720000
4777,417000
4778,532000
4779,1150000
4780,944000
4781,501000
4782,850000
4783,472000
4785,469000
4787,690000
4788,321000
4789,575000
4790,890000
4792,900000
4795,599000
4796,1019999
4797,443000
4798,644000
4799,750000
4800,519000
4801,695000
4802,981000
4803,425000
4806,700000
4807,809000
4812,245000
4813,425000
4814,385000
4815,545000
4816,588000
4817,747000
4819,633000
4820,814000
4821,900000
4822,605000
4823,270000
4824,622000
4826,795000
4827,602000
4828,575000
4829,675000
4831,750000
4833,749000
4834,550000
4835,599000
4836,570000
4837,894999
4838,1011000
4840,570000
4841,369000
4842,360000
4843,605000
4844,585000
4846,723000
4847,894999
4856,376000
4858,312000
4859,492000
4863,831000
4864,691000
4865,175000
4866,493000
4867,599000
4869,320000
4871,825000
4872,375000
4873,323000
4874,487000
4876,709000
4877,983000
4878,450000
4879,672000
4880,1350000
4881,457000
4884,623000
4885,1090000
4886,1600000
4887,200000
4888,925000
4889,1150000
4890,1150000
4892,894999
4893,1009000
4894,1050000
4895,441000
4896,759000
4897,425000
4899,600000
4902,840000
4903,426000
4904,305000
4905,629000
4906,869000
4908,300000
4909,850000
4910,869999
4912,416000
4913,1025000
4914,790000
4915,855000
4916,649000
4917,229999
4918,599000
4919,900000
4920,622000
4921,362000
4923,964000
4924,395000
4925,459999
4927,1325000
4928,215000
4929,1050000
4930,465000
4931,574000
4932,295000
4934,707000
4935,605000
4936,565000
4937,608000
4938,725000
4939,369000
4940,508000
4941,360000
4943,919999
4944,740000
4945,625000
4946,450000
4947,650000
4948,450000
4950,675000
4951,652000
4952,496000
4953,650000
4954,789000
4955,458000
4956,200000
4957,311000
4958,1000000
4959,613000
4960,390000
4961,517000
4962,999000
4963,740000
4966,220000
4967,420000
4968,550000
4969,550000
4970,501999
4971,552000
4972,830000
4973,579000
4975,950000
4978,421000
4979,869999
4981,677000
4982,725000
4983,650000
4984,980000
4986,290000
4987,350000
4988,290000
4989,590000
4990,299000
4991,1252000
4992,875000
4993,550000
4994,969999
4995,590000
4996,771000
4998,767000
5000,581000
5001,1025000
5002,400000
5003,750000
5004,1000000
5006,660000
5007,662000
5008,395000
5009,513999
5010,772000
5011,680000
5015,1015000
5017,461000
5018,372000
5020,802999
5025,900000
5027,295000
5032,645000
5033,299000
5034,423000
5035,295000
5036,328000
5037,565000
5039,299000
5040,299000
5042,340000
5044,650000
5045,1650000
5046,750000
5048,466000
5049,587000
5050,220000
5051,677000
5052,334000
5056,389000
5058,1450000
5059,800000
5060,1550000
5061,350000
5062,320000
5064,345000
5065,750000
5068,488999
5070,1200000
5071,401000
5072,347000
5074,764000
5076,831000
5077,535000
5078,465000
5079,415000
5081,320000
5082,400000
5085,850000
5087,1225000
5088,749000
5089,1001000
5090,781000
5091,1650000
5092,426000
5093,616000
5094,490000
5095,428000
5097,670000
5098,337000
5099,1350000
5100,611000
5101,975000
5102,825000
5103,400000
5105,650000
5107,400000
5109,707000
5110,576000
5111,560000
5112,455999
5113,685000
5114,1205000
5115,975000
5116,289000
5119,407000
5121,1195000
5122,390000
5124,650000
5125,250000
5126,475000
5127,700000
5128,559000
5129,789000
5131,1297000
5132,750000
5133,330000
5134,691000
5138,425000
5140,600000
5141,950000
5142,600000
5144,555000
5145,449000
5146,640000
5148,939000
5149,455000
5150,777000
5151,701000
5152,625000
5153,478000
5154,465000
5155,472000
5156,604000
5160,299000
5161,425000
5162,194000
5164,1650000
5165,750000
5166,724000
5168,800000
5169,810000
5170,459000
5172,497000
5173,577000
5174,670000
5175,690000
5177,252000
5178,294000
5181,700000
5182,1350000
5183,470000
5184,320000
5185,650000
5186,529000
5187,646000
5188,480000
5189,607000
5190,160000
5191,374000
5192,817000
5193,180000
5194,680000
5195,1000000
5196,1000000
5197,1080000
5198,315000
5200,760000
5202,825000
5204,365000
5205,409999
5206,475000
5207,561000
5212,594000
5214,516000
5217,760000
5218,499000
5220,450000
5221,295000
5222,667000
5223,790000
5224,480000
5225,463999
5227,390000
5228,801000
5229,560000
5230,420000
5231,472000
5232,750000
5233,1098000
5234,650000
5237,680000
5240,499000
5241,1250000
5242,409000
5243,991000
5245,496000
5246,298000
5247,720000
5248,583000
5250,982000
5251,458000
5253,852999
5254,600000
5255,390000
5256,620000
5261,447000
5262,409999
5263,330000
5264,372000
5265,470000
5266,297000
5267,420000
5268,405999
5269,561000
5270,350000
5272,400000
5273,765000
5275,850000
5276,1000000
5279,1050000
5280,909000
5281,734000
5282,450000
5283,356000
5284,835000
5288,549000
5289,881000
5291,250000
5292,810000
5293,1200000
5294,650000
5296,340000
5298,568000
5299,650000
5301,806000
5302,775000
5303,655000
5305,672000
5306,981000
5307,220000
5308,803999
5309,800000
5311,600000
5317,777000
5318,507000
5319,1050000
5321,411000
5323,529000
5325,916000
5326,842000
5327,290000
5328,525000
5329,894999
5331,385000
5333,300000
5334,515000
5335,299000
5336,268000
5337,483000
5339,618000
5341,1000000
5342,653000
5343,990000
5344,537000
5346,399000
5347,471000
5348,340000
5351,400000
5352,700000
5355,360000
5356,368000
5357,556000
5358,426000
5359,961000
5362,951000
5363,300000
5364,567000
5366,350000
5367,674000
5368,450000
5369,270000
5370,1000000
5374,1175000
5375,940000
5377,988000
5379,1157000
5380,1598000
5385,465000
5386,210000
5389,300000
5391,475000
5392,445000
5393,165000
5395,290000
5396,860000
5397,241000
5399,817000
5400,330000
5401,185000
5402,568000
5405,1022000
5406,312000
5407,117000
5408,869999
5409,285000
5413,550000
5414,185000
5415,430999
5416,631000
5417,476000
5418,1119000
5419,1002000
5420,685000
5421,347000
5425,229999
5426,584000
5428,400000
5429,535000
5434,310000
5435,337000
5436,1259000
5438,1291000
5439,498000
5440,470000
5441,545000
5442,894999
5443,426999
5444,559000
5446,443000
5447,480000
5448,660000
5449,145000
5450,165000
5452,450000
5454,500000
5455,531000
5456,744000
5457,200000
5459,760000
5461,273000
5462,480000
5463,922000
5464,746000
5466,490000
5467,459999
5468,490000
5470,930000
5471,702000
5472,465000
5474,1008000
5475,813000
5476,1485000
5478,989000
5479,1485000
5480,408000
5481,400000
5482,492000
5483,446000
5484,500000
5487,550000
5488,1500000
5489,660000
5490,365000
5491,1450000
5492,900000
5493,385000
5495,765000
5497,991000
5498,744000
5499,825000
5500,770000
5501,745000
5503,765000
5505,835000
5506,470000
5511,249000
5513,310000
5514,418000
5515,256999
5517,622000
5519,365000
5520,753000
5521,520000
5522,394000
5523,991000
5525,773000
5526,475000
5529,1300000
5531,700000
5532,450000
5534,289000
5535,403000
5537,617000
5538,1192000
5539,340000
5540,925000
5541,850000
5544,425000
5546,195000
5547,420000
5548,350000
5549,590000
5550,960000
5551,750000
5552,240000
5553,1260000
5554,617000
5557,642000
5559,620000
5560,951000
5561,900000
5563,669000
5564,680000
5565,376000
5566,1050000
5567,96000
5568,600000
5569,880000
5570,640000
5571,80000
5572,850000
5575,1033000
5578,1120000
5579,850000
5580,408000
5582,542000
5583,287000
5584,810000
5585,969000
5586,280000
5587,700000
5588,700000
5589,200000
5590,600000
5591,875000
5593,279000
5594,244000
5595,300000
5596,339000
5599,269000
5601,400000
5603,580000
5604,324000
5605,860000
5607,790000
5609,100000
5611,270000
5612,250000
5613,732000
5614,273000
5615,250000
5617,702000
5619,279000
5622,383000
5623,600000
5624,813000
5625,350000
5627,180000
5628,1050000
5629,180000
5630,890000
5632,640000
5633,290000
5634,999000
5636,286000
5637,293000
5639,753000
5641,688000
5643,600000
5645,600000
5646,600000
5647,400000
5648,300000
5651,200000
5652,720000
5653,1064000
5654,647000
5655,1625000
5656,846000
5658,195000
5659,425000
5660,650000
5661,584000
5662,220000
5663,619000
5664,700000
5666,450000
5669,224000
5670,381000
5671,459000
5672,631000
5673,951000
5674,532000
5676,245000
5677,977999
5678,315000
5680,574000
5681,405000
5682,827999
5684,779000
5685,600000
5686,785000
5687,600000
5688,229999
5689,630000
5691,585000
5694,618000
5695,490000
5696,585000
5697,588000
5698,850000
5699,704000
5701,583000
5703,1150000
5704,630000
5705,150000
5706,650000
5708,720000
5710,646000
5712,570000
5713,586000
5715,504000
5716,450000
5720,362000
5721,750000
5722,90000
5723,1030000
5724,700000
5725,395000
5726,830000
5729,484999
5730,495000
5731,450000
5732,397000
5733,716000
5734,830000
5736,200000
5737,459999
5739,250000
5741,400000
5742,400000
5745,650000
5746,350000
5748,750000
5750,836000
5751,1175000
5753,729000
5755,773000
5757,590000
5758,582000
5760,552000
5761,500000
5763,950000
5764,819999
5767,1300000
5768,341000
5769,708000
5771,367000
5774,765000
5775,250000
5776,425000
5777,260000
5778,250000
5783,1650000
5785,499000
5786,315000
5787,980000
5788,821000
5789,568000
5791,446000
5792,555000
5794,559000
5795,1050000
5796,412000
5797,615000
5801,70000
5802,560000
5803,750000
5805,1320000
5806,220000
5807,850000
5808,523000
5809,583000
5811,451000
5812,668000
5813,195000
5814,824000
5815,160000
5816,622000
5817,425000
5818,450000
5819,1019999
5822,249000
5823,799000
5825,390000
5826,580000
5827,380000
5828,264000
5829,531000
5830,525000
5831,1024000
5832,552000
5834,382000
5836,715000
5837,382000
5838,860000
5839,635000
5842,850000
5844,170000
5848,327000
5849,627000
5850,350000
5851,993000
5852,550000
5853,250000
5855,270000
5856,669000
5857,1321000
5858,650000
5859,706000
5866,850000
5868,509999
5869,381000
5870,320000
5871,420000
5873,150000
5874,488999
5878,350000
5879,449000
5880,295000
5884,475000
5886,900000
5887,950000
5889,436000
5890,1000000
5891,252000
5892,685000
5893,550000
5894,699000
5900,375000
5901,560000
5902,590000
5903,555000
5906,600000
5907,170000
5908,343000
5909,544000
5910,990000
5911,469000
5912,716000
5913,1000000
5915,305000
5916,550000
5918,290000
5919,550000
5920,210000
5921,910000
5923,725000
5925,1200000
5926,721000
5927,775000
5928,740000
5929,732000
5932,850000
5933,1650000
5936,250000
5937,1473000
5939,175000
5940,750000
5941,690000
5942,714000
5944,492000
5945,401000
5946,475000
5948,525000
5949,175000
5952,934000
5953,360000
5954,710000
5957,350000
5960,625000
5961,496000
5962,899000
5963,675000
5965,830000
5966,950000
5967,470000
5969,850000
5970,665000
5971,360000
5974,600000
5975,360000
5976,625000
5977,740000
5979,1200000
5980,575000
5981,321000
5982,680000
5983,825000
5985,742000
5986,851000
5987,840000
5988,851000
5991,775000
5993,700000
5994,1100000
5995,915000
5997,600000
5998,900000
5999,400000
6000,540000
6001,640000
6002,798000
6003,385000
6004,484999
6005,528000
6006,1000000
6007,545000
6010,621000
6011,850000
6012,980000
6015,899000
6017,360000
6018,1395000
6020,453000
6021,534000
6022,610000
6023,709000
6024,1000000
6026,890000
6027,725000
6029,1010000
6030,790000
6031,888000
6032,695000
6033,425000
6034,425000
6035,710000
6036,1060000
6041,723000
6043,790000
6044,795000
6045,252000
6046,610000
6048,1019999
6049,200000
6050,650000
6051,1425000
6053,630000
6054,1450000
6055,285000
6056,535000
6057,434999
6058,229999
6060,574000
6061,589000
6062,350000
6064,544000
6065,225000
6067,600000
6068,869999
6070,500000
6071,180000
6072,800000
6075,270000
6076,409999
6077,725000
6078,900000
6079,625000
6080,665000
6081,453000
6082,750000
6083,692000
6084,525000
6085,480000
6087,250000
6088,680000
6089,680000
6090,550000
6094,650000
6098,675000
6099,100000
6100,634000
6101,458000
6102,940000
6104,459000
6105,1390000
6107,105000
6108,295000
6109,445000
6110,1525000
6111,700000
6112,1300000
6115,450000
6116,450000
6117,950000
6119,446000
6120,672000
6121,500000
6122,409000
6123,759000
6124,825000
6125,670000
6126,200000
6127,600000
6128,600000
6130,325000
6133,590000
6135,700000
6136,325000
6137,1490000
6138,311000
6139,701000
6140,371000
6142,349000
6143,475000
6144,290000
6145,445000
6146,180000
6148,690000
6150,360000
6151,750000
6152,475000
6153,425000
6154,320000
6155,500000
6156,434999
6158,525000
6159,362000
6160,455000
6162,380000
6163,851000
6166,690000
6167,890000
6169,811000
6170,894999
6171,650000
6172,590000
6174,445000
6175,650000
6177,300000
6179,579000
6180,298000
6181,595000
6182,544000
6183,894999
6184,425000
6188,370000
6189,1525000
6190,290000
6193,650000
6195,575000
6197,590000
6198,753000
6199,425000
6200,587000
6201,580000
6202,530000
6204,300000
6206,380000
6207,625000
6209,525000
6210,850000
6212,1490000
6214,375000
6217,383000
6218,713000
6221,313000
6222,575000
6223,675000
6224,825000
6226,445000
6227,350000
6229,1300000
6231,750000
6232,750000
6233,670000
6234,894999
6235,90000
6236,365000
6237,347000
6239,309000
6240,586000
6241,900000
6242,900000
6246,254999
6247,355000
6248,650000
6249,275000
6250,150000
6251,900000
6253,600000
6256,801000
6258,350000
6259,590000
6260,532000
6261,525000
6262,170000
6263,225000
6265,250000
6266,300000
6267,1000000
6268,420000
6269,300000
6270,675000
6271,625000
6273,110000
6276,715000
6277,356000
6278,525000
6280,443000
6281,225000
6282,300000
6283,750000
6284,490000
6285,450000
6286,425000
6288,490000
6290,894999
6291,490000
6294,625000
6295,850000
6296,859000
6297,278000
6298,550000
6300,371000
6301,125000
6302,1250000
6305,695000
6306,685000
6314,252999
6315,295000
6316,495000
6317,200000
6318,175000
6319,175000
6320,322000
6324,473000
6329,925000
6330,1350000
6331,60000
6332,650000
6333,350000
6335,295000
6337,50000
6338,240000
6339,320000
6340,1500000
6341,745000
6342,225000
6343,332000
6346,775000
6347,1050000
6348,475000
6349,325000
6350,1400000
6351,145000
6352,250000
6353,1025000
6354,500000
6355,300000
6359,459999
6361,1525000
6365,1140000
6366,190000
6367,450000
6368,100000
6369,200000
6371,340000
6374,334000
6375,243000
6376,610000
6377,349000
6378,513999
6380,725000
6381,459999
6382,450000
6384,850000
6385,500000
6386,550000
6387,560000
6388,800000
6391,735000
6392,308000
6395,657000
6397,450000
6398,480000
6400,894999
6401,450000
6402,590000
6403,670000
6404,229999
6406,810000
6408,189000
6411,270000
6412,409999
6413,296000
6415,576000
6416,623000
6417,80000
6421,750000
6423,900000
6424,950000
6426,894999
6427,250000
6429,325000
6431,1390000
6432,823000
6433,1395000
6435,342000
6436,270000
6437,358000
6439,409999
6440,650000
6446,500000
6447,944999
6448,525000
6449,975000
6450,564000
6451,326000
6452,465000
6455,794000
6456,465000
6457,150000
6458,520000
6460,390000
6462,93982
6463,600000
6464,395000
6465,980000
6470,450000
6471,735000
6473,484999
6474,429000
6476,695000
6479,400000
6480,900000
6482,330000
6484,1575000
6485,1475000
6488,900000
6489,300000
6492,509000
6493,470000
6495,544000
6497,345000
6498,965000
6499,280000
6501,1130000
6502,775000
6504,600000
6507,630000
6511,875000
6512,1110000
6513,280000
6514,364000
6515,352000
6517,300000
6518,231000
6519,1156000
6520,400000
6521,500000
6522,350000
6524,385000
6531,537000
6534,541000
6535,578000
6537,200000
6538,750000
6539,675000
6540,894999
6541,420000
6542,550000
6543,725000
6544,420000
6546,785000
6547,459999
6548,750000
6551,419000
6552,549000
6553,710000
6554,426000
6556,110000
6557,440000
6558,250000
6559,476999
6560,470000
6561,400000
6563,545000
6564,565000
6566,380000
6568,650000
6569,1260000
6571,210000
6572,990000
6573,1059000
6574,426000
6575,175000
6576,220000
6577,1000000
6578,530000
6580,299000
6581,250000
6582,894999
6588,825000
6589,810000
6590,649000
6591,670000
6592,1525000
6594,493000
6595,325000
6597,376000
6598,337000
6599,1044999
6603,861000
6604,590000
6605,553000
6607,500000
6610,422000
6611,206000
6612,630000
6614,525000
6616,200000
6617,975000
6618,250000
6621,450000
6622,150000
6624,244000
6625,350000
6630,190000
6631,547000
6632,509999
6633,1650000
6634,1000000
6635,580000
6636,250000
6637,310000
6640,602000
6642,900000
6645,300000
6646,417000
6647,325000
6648,1200000
6649,211000
6650,1450000
6652,300000
6653,442000
6654,508000
6656,62000
6658,755000
6660,900000
6661,381000
6662,950000
6663,500000
6664,731000
6665,1200000
6667,300000
6668,607000
6675,1490000
6677,675000
6681,50000
6682,600000
6683,130000
6684,130000
6685,110000
6686,55000
6687,130000
6688,650000
6689,250000
6690,110000
6691,730000
6694,600000
6695,600000
6696,600000
6698,335000
6700,400000
6706,150000
6707,400000
6708,700000
6709,600000
6710,745000
6711,150000
6712,150000
6713,1166000
6714,500000
6716,600000
6717,225000
6719,190000
6725,150000
6726,800000
6728,430000
6729,225000
6731,175000
6733,600000
6734,200000
6737,1200000
6738,1070000
6739,248000
6742,400000
6743,900000
6745,350000
6747,850000
6750,950000
6752,670000
6754,850000
6755,300000
6757,750000
6761,250000
6763,325000
6767,122000
6768,150000
6771,1100000
6772,100000
6775,800000
6776,780000
6777,225000
6778,950000
6779,380000
6780,90000
6782,1450000
6783,590000
6784,590000
6786,250000
6788,500000
6790,300000
6791,650000
6793,500000
6794,150000
6795,161000
6796,1000000
6797,520000
6799,750000
6801,350000
6802,400000
6804,459999
6806,425000
6808,650000
6809,750000
6811,350000
6812,375000
6814,400000
6815,400000
6816,229999
6817,725000
6819,450000
6820,300000
6821,160000
6822,640000
6823,675000
6824,300000
6826,450000
6827,260000
6828,850000
6829,450000
6831,450000
6832,300000
6833,225000
6835,200000
6839,250000
6840,350000
6842,200000
6843,300000
6844,300000
6846,300000
6847,1000000
6848,200000
6849,350000
6851,500000
6853,800000
6854,819999
6855,675000
6856,1100000
6858,500000
6861,420000
6862,325000
6863,950000
6864,950000
6865,300000
6866,400000
6867,350000
6872,250000
6874,400000
6875,420000
6877,800000
6878,500000
6879,725000
6880,300000
6881,400000
6882,800000
6883,450000
6884,450000
6885,500000
6887,165000
6888,700000
6890,550000
6891,1525000
6892,400000
6893,100000
6896,350000
6897,350000
6898,450000
6899,450000
6900,200000
6902,370000
6903,730000
6904,610000
6907,800000
6909,400000
6911,300000
6912,700000
6913,650000
6917,700000
6918,340000
6919,420000
6921,750000
6922,900000
6923,730000
6924,730000
6925,810000
6926,500000
6927,500000
6931,200000
6933,400000
6936,350000
6938,450000
6939,600000
6940,400000
6942,830000
6943,500000
6944,180000
6945,250000
6946,300000
6948,450000
6949,225000
6950,225000
6954,200000
6956,350000
6957,350000
6958,350000
6960,450000
6961,350000
6962,525000
6964,450000
6965,600000
6966,79000
6967,500000
6968,800000
6969,160000
6970,220000
6971,700000
6974,150000
6975,600000
6979,160000
6980,200000
6982,350000
6983,108000
6985,850000
6987,500000
6989,266000
6990,595000
6993,425000
6994,596000
6995,250000
6996,221000
6998,311000
6999,463999
7000,204999
7002,643000
7004,545000
7005,750000
7007,225000
7010,799000
7011,526000
7013,675000
7014,612000
7016,990000
7017,534000
7018,800000
7019,983000
7020,281000
7021,535000
7022,475000
7024,695000
7025,395000
7026,200000
7027,750000
7029,480000
7030,245000
7031,719000
7032,375000
7033,245000
7035,438999
7036,753000
7037,362000
7038,300000
7039,389000
7042,185000
7045,620000
7046,350000
7047,463999
7048,412000
7050,621000
7051,443000
7052,422000
7053,550000
7054,545000
7055,450000
7057,330000
7058,595000
7059,500000
7061,835000
7062,175000
7063,495000
7064,550000
7065,1025000
7066,350000
7068,306000
7069,432000
7071,314000
7073,521000
7074,342000
7076,407000
7077,459999
7078,725000
7080,735000
7081,1200000
7083,350000
7085,300000
7088,399000
7093,550000
7094,327000
7096,487000
7097,612000
7098,310000
7102,650000
7103,750000
7104,500000
7106,790000
7108,403000
7109,301000
7111,359000
7112,511000
7113,425000
7114,277000
7115,750000
7116,551000
7117,254000
7119,1320000
7120,270000
7123,254999
7125,535000
7126,440000
7127,225000
7130,180000
7131,602000
7132,743000
7133,335000
7134,750000
7135,240000
7136,474000
7137,346000
7139,745000
7140,335000
7141,550000
7142,524000
7143,850000
7144,210000
7146,229999
7147,549000
7148,520000
7150,129000
7151,641000
7152,466000
7153,844999
7155,725000
7156,772000
7157,254999
7159,525000
7161,235000
7162,495000
7163,685000
7164,186000
7165,1265000
7166,894999
7168,727000
7169,426999
7171,349000
7172,450000
7173,320000
7174,646000
7175,950000
7176,1124000
7177,1057000
7178,950000
7179,385000
7180,875000
7183,360000
7185,235000
7186,900000
7187,800000
7188,357000
7189,620000
7191,372000
7194,763000
7195,735000
7196,260000
7197,1015000
7198,409999
7199,791000
7203,310000
7206,650000
7208,449000
7209,517000
7210,500000
7211,400000
7212,459999
7213,580000
7214,643000
7215,200000
7217,384000
7218,500000
7220,500000
7221,360000
7226,220000
7227,330000
7228,518000
7229,141000
7230,800000
7232,372000
7234,437000
7235,950000
7236,421000
7238,750000
7239,599000
7240,470000
7241,335000
7244,843000
7246,650000
7247,180000
7248,673000
7249,198000
7250,250000
7251,338000
7252,198000
7253,1400000
7255,214000
7256,215000
7257,749000
7258,185000
7260,465000
7262,1321000
7263,450000
7265,210000
7266,345000
7269,172000
7271,794000
7272,881000
7274,852999
7275,325000
7277,936000
7279,250000
7280,650000
7281,165000
7282,850000
7283,161000
7285,795000
7286,900000
7288,361000
7289,509999
7291,266000
7293,1375000
7294,520000
7296,650000
7297,285000
7298,728000
7299,210000
7301,824000
7302,500000
7303,526000
7304,180000
7305,969999
7306,951000
7307,180000
7310,750000
7313,930000
7316,1019999
7317,614000
7318,630000
7319,320000
7321,513000
7323,1006000
7325,718000
7326,635000
7327,475000
7328,305000
7329,755000
7330,800000
7332,450000
7334,580000
7335,600000
7336,595000
7337,546000
7338,588000
7340,499000
7341,623000
7342,300000
7346,213000
7351,140000
7352,534000
7354,565000
7355,381000
7356,749000
7357,426000
7358,877000
7359,1400000
7360,335000
7364,925000
7366,454000
7367,259000
7371,325000
7372,415000
7374,365000
7377,405999
7378,675000
7379,329000
7382,622000
7383,798000
7384,618000
7387,180000
7390,620000
7391,380000
7395,600000
7396,868000
7397,917000
7399,867000
7400,827000
7403,1300000
7404,803999
7406,550000
7407,650000
7408,449000
7409,650000
7410,250000
7411,821000
7412,300000
7413,950000
7415,280000
7416,663000
7417,559000
7419,934000
7420,914000
7421,840000
7422,684000
7423,524000
7424,442000
7425,192000
7426,580000
7428,828999
7431,600000
7432,775000
7434,850000
7435,434999
7436,956000
7437,430999
7438,575000
7439,432000
7443,763000
7444,846000
7445,999000
7446,280000
7447,775000
7448,350000
7449,445000
7450,500000
7452,825000
7453,509999
7454,325000
7455,500000
7456,640000
7459,774000
7462,634000
7466,310000
7467,450000
7472,900000
7475,149000
7478,295000
7479,229999
7481,690000
7482,549000
7483,1600000
7484,487000
7487,425000
7490,445000
7491,1199000
7492,170000
7494,525000
7495,385000
7497,625000
7498,494000
7500,710000
7501,889000
7507,150000
7508,395000
7509,1400000
7510,450000
7511,495000
7513,459999
7514,560000
7517,272000
7518,982000
7519,425000
7520,297000
7521,750000
7522,658000
7523,750000
7525,449000
7526,150000
7527,99703
7528,450000
7529,565000
7530,409999
7531,170000
7532,178000
7534,239000
7535,652000
7536,550000
7537,599000
7539,575000
7540,445000
7541,620000
7542,706000
7543,363000
7545,492000
7546,360000
7547,280000
7553,250000
7554,373000
7557,517000
7558,455999
7560,311000
7563,583000
7564,250000
7565,430000
7566,150000
7567,650000
7568,330000
7570,675000
7571,775000
7572,280000
7573,588000
7575,459999
7577,380000
7578,235000
7579,309000
7580,670000
7583,300000
7584,459999
7586,570000
7587,975000
7589,220000
7590,495000
7593,279000
7594,424000
7595,595000
7596,352000
7597,480999
7599,463999
7600,340000
7602,319000
7607,160000
7608,120000
7611,999000
7613,196000
7614,683000
7615,500000
7616,649000
7617,386000
7618,300000
7620,560000
7621,436000
7623,270000
7624,475000
7625,140000
7627,340000
7628,250000
7629,325000
7630,260000
7632,400000
7633,956000
7634,210000
7637,861000
7639,598000
7640,750000
7641,559000
7642,1035000
7644,259000
7647,650000
7648,1099000
7649,999000
7652,632000
7653,330000
7654,690000
7655,219000
7656,350000
7657,338000
7658,500000
7659,408000
7660,289000
7662,395000
7664,1200000
7666,725000
7667,430000
7669,120000
7670,470000
7672,527000
7674,591000
7675,480000
7676,250000
7677,822000
7678,509999
7679,681000
7680,735000
7681,590000
7682,170000
7689,450000
7690,190000
7691,494000
7692,535000
7694,557000
7696,180000
7697,318000
7698,500000
7701,1030000
7703,1050000
7704,810000
7705,235000
7706,438999
7707,438999
7708,200000
7710,225000
7712,684000
7713,800000
7714,419000
7716,525000
7717,509999
7719,289000
7721,600000
7722,509999
7726,300000
7728,290000
7730,350000
7731,296000
7732,376000
7733,1399000
7734,690000
7735,714000
7736,600000
7737,342000
7739,208000
7740,279000
7741,600000
7743,225000
7744,400000
7746,625000
7747,385000
7748,335000
7749,985000
7750,271000
7751,480999
7753,555000
7754,430000
7755,1200000
7756,286000
7757,680000
7758,349000
7759,347000
7762,785000
7763,490000
7765,350000
7766,400000
7767,365000
7768,400000
7769,254999
7770,601000
7771,216000
7772,670000
7773,719000
7777,750000
7778,827000
7779,475000
7785,1400000
7786,525000
7787,280000
7788,430000
7789,114999
7790,598000
7791,271000
7793,248000
7794,592000
7796,341000
7798,547000
7799,566000
7801,285000
7802,299000
7803,270000
7804,699000
7806,1250000
7807,400000
7808,354000
7809,850000
7810,669000
7811,480999
7814,619000
7815,875000
7816,518000
7817,450000
7818,235000
7819,620000
7821,450000
7823,880000
7824,425000
7829,580000
7830,890000
7831,626000
7832,753000
7833,355000
7834,399000
7835,209000
7837,199000
7838,354000
7840,1050000
7841,500000
7842,550000
7843,225000
7845,165000
7846,499000
7847,170000
7848,570000
7849,627000
7850,471000
7851,165000
7852,728000
7853,659000
7857,222000
7858,206000
7860,625000
7861,650000
7862,175000
7863,899000
7866,900000
7869,384000
7870,292000
7871,700000
7872,647000
7873,686000
7874,140000
7875,375000
7877,703000
7878,364000
7879,450000
7880,400000
7881,392000
7883,300000
7885,860000
7889,372000
7890,915000
7892,323000
7893,422000
7895,1052000
7896,227999
7897,312000
7898,276000
7899,300000
7902,425000
7903,1000000
7904,399000
7905,395000
7907,168000
7908,1600000
7910,415000
7912,488999
7913,287000
7915,951000
7916,254999
7917,663000
7919,1350000
7920,300000
7924,325000
7926,270000
7927,760000
7929,754000
7930,591000
7931,1050000
7932,192000
7933,679000
7934,600000
7935,810000
7937,287000
7939,525000
7941,120000
7942,200000
7944,340000
7949,357000
7950,544000
7951,210000
7952,413000
7955,140000
7956,250000
7957,429000
7961,1025000
7962,855000
7964,830000
7965,691000
7966,799000
7968,750000
7970,163000
7971,662000
7973,372000
7974,600000
7975,311000
7976,200000
7977,162000
7978,527000
7979,800000
7981,299000
7982,725000
7983,600000
7984,900000
7985,275000
7986,480000
7987,130000
7988,325000
7989,157000
7990,177000
7991,100000
7992,509999
7993,712000
7994,500000
7995,811000
7996,425000
7997,694000
7999,254999
8000,185000
8002,1025000
8003,430000
8004,850000
8006,900000
8007,300000
8008,392000
8009,578000
8011,409999
8012,616000
8016,850000
8020,1350000
8022,650000
8023,400000
8025,165000
8026,969999
8028,370000
8030,285000
8031,700000
8039,1450000
8040,1595000
8042,270000
8043,875000
8044,850000
8045,300000
8047,540000
8048,330000
8050,484000
8054,1065000
8057,614000
8059,575000
8061,699000
8063,175000
8065,335000
8066,450000
8067,300000
8068,199000
8071,550000
8072,574000
8073,522000
8075,399000
8076,185000
8077,1299000
8078,827999
8080,395000
8081,280000
8083,1250000
8084,899000
8085,850000
8087,246000
8088,480000
8090,419000
8091,1050000
8092,734000
8093,565000
8097,519000
8098,1607000
8102,850000
8104,150000
8105,239000
8106,280000
8112,687000
8113,327000
8115,894999
8117,274000
8118,420000
8122,290000
8124,590000
8128,400000
8129,787000
8130,899000
8132,268000
8133,340000
8135,265000
8136,265000
8138,450000
8139,950000
8140,200000
8142,160000
8146,1220000
8147,437000
8148,1200000
8149,150000
8152,190000
8155,550000
8158,650000
8159,600000
8160,450000
8164,599000
8166,550000
8167,335000
8171,350000
8172,475000
8173,765000
8176,250000
8177,165000
8181,800000
8186,300000
8187,550000
8188,200000
8189,375000
8190,499000
8191,600000
8195,190000
8197,790000
8198,525000
8199,724000
8200,434999
8203,575000
8204,335000
8206,650000
8207,484999
8208,575000
8209,650000
8210,450000
8211,625000
8212,650000
8213,545000
8214,835000
8215,415000
8216,545000
8217,975000
8218,950000
8219,795000
8220,725000
8221,475000
8222,799000
8223,990000
8224,625000
8225,550000
8226,525000
8227,925000
8228,325000
8229,899000
8231,499000
8233,455000
8234,790000
8235,599000
8236,799000
8238,575000
8239,599000
8240,465000
8241,950000
8243,990000
8244,350000
8246,470000
8247,395000
8248,275000
8249,349000
8250,725000
8251,440000
8253,380000
8254,475000
8255,450000
8256,465000
8259,199000
8260,195000
8261,725000
8262,455000
8263,399000
8264,950000
8265,399000
8266,450000
8267,740000
8268,325000
8269,499000
8270,450000
8273,1350000
8274,199000
8275,279000
8276,599000
8277,475000
8278,499000
8279,450000
8282,225000
8283,850000
8285,575000
8287,399000
8289,399000
8291,699000
8293,455000
8298,199000
8299,1190000
8301,535000
8302,395000
8304,175000
8305,195000
8306,425000
8307,158000
8308,425000
8310,75000
8311,650000
8313,650000
8315,190000
8316,200000
8317,160000
8318,120000
8319,140000
8321,250000
8325,490000
8327,400000
8328,550000
8330,280000
8332,1082000
8333,550000
8334,475000
8335,105000
8336,500000
8337,525000
8338,650000
8339,650000
8341,400000
8342,1200000
8344,500000
8345,600000
8348,1000000
8349,550000
8350,550000
8351,300000
8352,1200000
8353,160000
8354,180000
8355,225000
8356,674000
8357,200000
8359,250000
8361,400000
8362,360000
8364,509999
8367,140000
8368,500000
